Severity,CDR 
0.1,0.52
0.1,0.545
0.5,0.563
0.6,0.612
0.65,0.639
0.70,0.686
0.70,0.698
0.75,0.703
0.75,0.737
0.80,0.772
0.85,0.843
0.90,0.894
0.95,0.932
0.99,0.963
0.06938961024924917,0.31
0.6168769056846846,0.68
0.6213982605994105,0.68
